id;data;data_content_type;description
1;../fake-data/blob/hipster.png;image/png;productize
2;../fake-data/blob/hipster.png;image/png;deposit Corporate adapter
3;../fake-data/blob/hipster.png;image/png;brand ADP Functionality
4;../fake-data/blob/hipster.png;image/png;Neck matrix
5;../fake-data/blob/hipster.png;image/png;Optimization Indiana
6;../fake-data/blob/hipster.png;image/png;Vermont calculate Facilitator
7;../fake-data/blob/hipster.png;image/png;convergence
8;../fake-data/blob/hipster.png;image/png;Cambridgeshire lime connect
9;../fake-data/blob/hipster.png;image/png;Sports
10;../fake-data/blob/hipster.png;image/png;back-end
